{
  "timestamp": "20251109_061322",
  "metadata": {
    "n_predictions": 96,
    "models": [
      "baseline",
      "tinker",
      "unsloth"
    ],
    "include_statistical_tests": true,
    "include_agreement_metrics": false
  },
  "baseline_quality_metrics": {
    "field_f1_key_insights": {
      "precision": 0.13541666666666666,
      "recall": 0.13541666666666666,
      "f1": 0.13541666666666666,
      "support": 96
    },
    "field_f1_company_names": {
      "precision": 0.65625,
      "recall": 0.65625,
      "f1": 0.65625,
      "support": 96
    },
    "field_f1_summary": {
      "precision": 0.8645833333333334,
      "recall": 0.8645833333333334,
      "f1": 0.8645833333333334,
      "support": 96
    },
    "field_f1_overall": 0.5520833333333334,
    "jaccard_key_insights": 0.13541666666666666,
    "jaccard_company_names": 0.65625,
    "exact_match_rate": 0.0,
    "mae_relevance": 6.979166666666667,
    "adjusted_r2": -4.268357724747784,
    "semantic_similarity": 0.0
  },
  "tinker_quality_metrics": {
    "field_f1_key_insights": {
      "precision": 0.0,
      "recall": 0.0,
      "f1": 0.0,
      "support": 0
    },
    "field_f1_company_names": {
      "precision": 0.0,
      "recall": 0.0,
      "f1": 0.0,
      "support": 0
    },
    "field_f1_summary": {
      "precision": 0.0,
      "recall": 0.0,
      "f1": 0.0,
      "support": 0
    },
    "field_f1_overall": 0.0,
    "jaccard_key_insights": 0.13541666666666666,
    "jaccard_company_names": 0.65625,
    "exact_match_rate": 0.0,
    "mae_relevance": NaN,
    "adjusted_r2": NaN,
    "semantic_similarity": 0.0
  },
  "unsloth_quality_metrics": {
    "field_f1_key_insights": {
      "precision": 0.5027777777777778,
      "recall": 0.47468584656084656,
      "f1": 0.46995776214526214,
      "support": 96
    },
    "field_f1_company_names": {
      "precision": 0.8211805555555555,
      "recall": 0.8069444444444445,
      "f1": 0.8073908730158731,
      "support": 96
    },
    "field_f1_summary": {
      "precision": 0.9583333333333334,
      "recall": 0.9583333333333334,
      "f1": 0.9583333333333334,
      "support": 96
    },
    "field_f1_overall": 0.7452273228314895,
    "jaccard_key_insights": 0.3654277146464646,
    "jaccard_company_names": 0.7921874999999999,
    "exact_match_rate": 0.0,
    "mae_relevance": 1.6458333333333333,
    "adjusted_r2": 0.2738836457933126,
    "semantic_similarity": "1.0"
  },
  "baseline_descriptive_stats": {
    "field_f1_overall": {
      "metric": "field_f1_overall",
      "count": 1,
      "mean": 0.5520833333333334,
      "median": 0.5520833333333334,
      "mode": 0.5520833333333334,
      "std": NaN,
      "cv": NaN,
      "range": 0.0,
      "iqr": 0.0,
      "skewness": NaN,
      "kurtosis": NaN,
      "p25": 0.5520833333333334,
      "p50": 0.5520833333333334,
      "p75": 0.5520833333333334,
      "p95": 0.5520833333333334,
      "min": 0.5520833333333334,
      "max": 0.5520833333333334
    },
    "jaccard_key_insights": {
      "metric": "jaccard_key_insights",
      "count": 1,
      "mean": 0.13541666666666666,
      "median": 0.13541666666666666,
      "mode": 0.13541666666666666,
      "std": NaN,
      "cv": NaN,
      "range": 0.0,
      "iqr": 0.0,
      "skewness": NaN,
      "kurtosis": NaN,
      "p25": 0.13541666666666666,
      "p50": 0.13541666666666666,
      "p75": 0.13541666666666666,
      "p95": 0.13541666666666666,
      "min": 0.13541666666666666,
      "max": 0.13541666666666666
    },
    "jaccard_company_names": {
      "metric": "jaccard_company_names",
      "count": 1,
      "mean": 0.65625,
      "median": 0.65625,
      "mode": 0.65625,
      "std": NaN,
      "cv": NaN,
      "range": 0.0,
      "iqr": 0.0,
      "skewness": NaN,
      "kurtosis": NaN,
      "p25": 0.65625,
      "p50": 0.65625,
      "p75": 0.65625,
      "p95": 0.65625,
      "min": 0.65625,
      "max": 0.65625
    },
    "exact_match_rate": {
      "metric": "exact_match_rate",
      "count": 1,
      "mean": 0.0,
      "median": 0.0,
      "mode": 0.0,
      "std": NaN,
      "cv": NaN,
      "range": 0.0,
      "iqr": 0.0,
      "skewness": NaN,
      "kurtosis": NaN,
      "p25": 0.0,
      "p50": 0.0,
      "p75": 0.0,
      "p95": 0.0,
      "min": 0.0,
      "max": 0.0
    },
    "mae_relevance": {
      "metric": "mae_relevance",
      "count": 1,
      "mean": 6.979166666666667,
      "median": 6.979166666666667,
      "mode": 6.979166666666667,
      "std": NaN,
      "cv": NaN,
      "range": 0.0,
      "iqr": 0.0,
      "skewness": NaN,
      "kurtosis": NaN,
      "p25": 6.979166666666667,
      "p50": 6.979166666666667,
      "p75": 6.979166666666667,
      "p95": 6.979166666666667,
      "min": 6.979166666666667,
      "max": 6.979166666666667
    },
    "adjusted_r2": {
      "metric": "adjusted_r2",
      "count": 1,
      "mean": -4.268357724747784,
      "median": -4.268357724747784,
      "mode": -4.268357724747784,
      "std": NaN,
      "cv": NaN,
      "range": 0.0,
      "iqr": 0.0,
      "skewness": NaN,
      "kurtosis": NaN,
      "p25": -4.268357724747784,
      "p50": -4.268357724747784,
      "p75": -4.268357724747784,
      "p95": -4.268357724747784,
      "min": -4.268357724747784,
      "max": -4.268357724747784
    },
    "semantic_similarity": {
      "metric": "semantic_similarity",
      "count": 1,
      "mean": 0.0,
      "median": 0.0,
      "mode": 0.0,
      "std": NaN,
      "cv": NaN,
      "range": 0.0,
      "iqr": 0.0,
      "skewness": NaN,
      "kurtosis": NaN,
      "p25": 0.0,
      "p50": 0.0,
      "p75": 0.0,
      "p95": 0.0,
      "min": 0.0,
      "max": 0.0
    }
  },
  "tinker_descriptive_stats": {
    "field_f1_overall": {
      "metric": "field_f1_overall",
      "count": 1,
      "mean": 0.0,
      "median": 0.0,
      "mode": 0.0,
      "std": NaN,
      "cv": NaN,
      "range": 0.0,
      "iqr": 0.0,
      "skewness": NaN,
      "kurtosis": NaN,
      "p25": 0.0,
      "p50": 0.0,
      "p75": 0.0,
      "p95": 0.0,
      "min": 0.0,
      "max": 0.0
    },
    "jaccard_key_insights": {
      "metric": "jaccard_key_insights",
      "count": 1,
      "mean": 0.13541666666666666,
      "median": 0.13541666666666666,
      "mode": 0.13541666666666666,
      "std": NaN,
      "cv": NaN,
      "range": 0.0,
      "iqr": 0.0,
      "skewness": NaN,
      "kurtosis": NaN,
      "p25": 0.13541666666666666,
      "p50": 0.13541666666666666,
      "p75": 0.13541666666666666,
      "p95": 0.13541666666666666,
      "min": 0.13541666666666666,
      "max": 0.13541666666666666
    },
    "jaccard_company_names": {
      "metric": "jaccard_company_names",
      "count": 1,
      "mean": 0.65625,
      "median": 0.65625,
      "mode": 0.65625,
      "std": NaN,
      "cv": NaN,
      "range": 0.0,
      "iqr": 0.0,
      "skewness": NaN,
      "kurtosis": NaN,
      "p25": 0.65625,
      "p50": 0.65625,
      "p75": 0.65625,
      "p95": 0.65625,
      "min": 0.65625,
      "max": 0.65625
    },
    "exact_match_rate": {
      "metric": "exact_match_rate",
      "count": 1,
      "mean": 0.0,
      "median": 0.0,
      "mode": 0.0,
      "std": NaN,
      "cv": NaN,
      "range": 0.0,
      "iqr": 0.0,
      "skewness": NaN,
      "kurtosis": NaN,
      "p25": 0.0,
      "p50": 0.0,
      "p75": 0.0,
      "p95": 0.0,
      "min": 0.0,
      "max": 0.0
    },
    "mae_relevance": {
      "metric": "mae_relevance",
      "count": 0,
      "mean": NaN,
      "median": NaN,
      "mode": NaN,
      "std": NaN,
      "cv": NaN,
      "range": NaN,
      "iqr": NaN,
      "skewness": NaN,
      "kurtosis": NaN,
      "p25": NaN,
      "p50": NaN,
      "p75": NaN,
      "p95": NaN,
      "min": NaN,
      "max": NaN
    },
    "adjusted_r2": {
      "metric": "adjusted_r2",
      "count": 0,
      "mean": NaN,
      "median": NaN,
      "mode": NaN,
      "std": NaN,
      "cv": NaN,
      "range": NaN,
      "iqr": NaN,
      "skewness": NaN,
      "kurtosis": NaN,