{
  "timestamp": "20251109_074747",
  "metadata": {
    "n_predictions": 96,
    "models": [
      "baseline",
      "tinker",
      "unsloth"
    ],
    "include_statistical_tests": true,
    "include_agreement_metrics": false
  },
  "baseline_quality_metrics": {
    "field_f1_key_insights": {
      "precision": 0.13541666666666666,
      "recall": 0.13541666666666666,
      "f1": 0.13541666666666666,
      "support": 96
    },
    "field_f1_company_names": {
      "precision": 0.65625,
      "recall": 0.65625,
      "f1": 0.65625,
      "support": 96
    },
    "field_f1_summary": {
      "precision": 0.8645833333333334,
      "recall": 0.8645833333333334,
      "f1": 0.8645833333333334,
      "support": 96
    },
    "field_f1_overall": 0.5520833333333334,
    "jaccard_key_insights": 0.13541666666666666,
    "jaccard_company_names": 0.65625,
    "exact_match_rate": 0.0,
    "mae_relevance": 6.979166666666667,
    "adjusted_r2": -4.268357724747784,
    "semantic_similarity": 0.0
  },
  "tinker_quality_metrics": {
    "field_f1_key_insights": {
      "precision": 0.4841145833333333,
      "recall": 0.4727017195767196,
      "f1": 0.4636357855107855,
      "support": 96
    },
    "field_f1_company_names": {
      "precision": 0.7795138888888888,
      "recall": 0.7527777777777778,
      "f1": 0.7610119047619047,
      "support": 96
    },
    "field_f1_summary": {
      "precision": 0.9583333333333334,
      "recall": 0.9583333333333334,
      "f1": 0.9583333333333334,
      "support": 96
    },
    "field_f1_overall": 0.7276603412020078,
    "jaccard_key_insights": 0.363150477994228,
    "jaccard_company_names": 0.7498263888888888,
    "exact_match_rate": 0.07291666666666667,
    "mae_relevance": 1.8020833333333333,
    "adjusted_r2": 0.18378812764235986,
    "semantic_similarity": "1.0"
  },
  "unsloth_quality_metrics": {
    "field_f1_key_insights": {
      "precision": 0.4603174603174603,
      "recall": 0.43959160052910057,
      "f1": 0.43453057359307357,
      "support": 96
    },
    "field_f1_company_names": {
      "precision": 0.7795138888888888,
      "recall": 0.7767361111111111,
      "f1": 0.7719246031746033,
      "support": 96
    },
    "field_f1_summary": {
      "precision": 0.9375,
      "recall": 0.9375,
      "f1": 0.9375,
      "support": 96
    },
    "field_f1_overall": 0.7146517255892256,
    "jaccard_key_insights": 0.33266594516594516,
    "jaccard_company_names": 0.7585069444444444,
    "exact_match_rate": 0.03125,
    "mae_relevance": 1.4270833333333333,
    "adjusted_r2": 0.43534195059848513,
    "semantic_similarity": "1.0"
  },
  "baseline_descriptive_stats": {
    "field_f1_overall": {
      "metric": "field_f1_overall",
      "count": 1,
      "mean": 0.5520833333333334,
      "median": 0.5520833333333334,
      "mode": 0.5520833333333334,
      "std": NaN,
      "cv": NaN,
      "range": 0.0,
      "iqr": 0.0,
      "skewness": NaN,
      "kurtosis": NaN,
      "p25": 0.5520833333333334,
      "p50": 0.5520833333333334,
      "p75": 0.5520833333333334,
      "p95": 0.5520833333333334,
      "min": 0.5520833333333334,
      "max": 0.5520833333333334
    },
    "jaccard_key_insights": {
      "metric": "jaccard_key_insights",
      "count": 1,
      "mean": 0.13541666666666666,
      "median": 0.13541666666666666,
      "mode": 0.13541666666666666,
      "std": NaN,
      "cv": NaN,
      "range": 0.0,
      "iqr": 0.0,
      "skewness": NaN,
      "kurtosis": NaN,
      "p25": 0.13541666666666666,
      "p50": 0.13541666666666666,
      "p75": 0.13541666666666666,
      "p95": 0.13541666666666666,
      "min": 0.13541666666666666,
      "max": 0.13541666666666666
    },
    "jaccard_company_names": {
      "metric": "jaccard_company_names",
      "count": 1,
      "mean": 0.65625,
      "median": 0.65625,
      "mode": 0.65625,
      "std": NaN,
      "cv": NaN,
      "range": 0.0,
      "iqr": 0.0,
      "skewness": NaN,
      "kurtosis": NaN,
      "p25": 0.65625,
      "p50": 0.65625,
      "p75": 0.65625,
      "p95": 0.65625,
      "min": 0.65625,
      "max": 0.65625
    },
    "exact_match_rate": {
      "metric": "exact_match_rate",
      "count": 1,
      "mean": 0.0,
      "median": 0.0,
      "mode": 0.0,
      "std": NaN,
      "cv": NaN,
      "range": 0.0,
      "iqr": 0.0,
      "skewness": NaN,
      "kurtosis": NaN,
      "p25": 0.0,
      "p50": 0.0,
      "p75": 0.0,
      "p95": 0.0,
      "min": 0.0,
      "max": 0.0
    },
    "mae_relevance": {
      "metric": "mae_relevance",
      "count": 1,
      "mean": 6.979166666666667,
      "median": 6.979166666666667,
      "mode": 6.979166666666667,
      "std": NaN,
      "cv": NaN,
      "range": 0.0,
      "iqr": 0.0,
      "skewness": NaN,
      "kurtosis": NaN,
      "p25": 6.979166666666667,
      "p50": 6.979166666666667,
      "p75": 6.979166666666667,
      "p95": 6.979166666666667,
      "min": 6.979166666666667,
      "max": 6.979166666666667
    },
    "adjusted_r2": {
      "metric": "adjusted_r2",
      "count": 1,
      "mean": -4.268357724747784,
      "median": -4.268357724747784,
      "mode": -4.268357724747784,
      "std": NaN,
      "cv": NaN,
      "range": 0.0,
      "iqr": 0.0,
      "skewness": NaN,
      "kurtosis": NaN,
      "p25": -4.268357724747784,
      "p50": -4.268357724747784,
      "p75": -4.268357724747784,
      "p95": -4.268357724747784,
      "min": -4.268357724747784,
      "max": -4.268357724747784
    },
    "semantic_similarity": {
      "metric": "semantic_similarity",
      "count": 1,
      "mean": 0.0,
      "median": 0.0,
      "mode": 0.0,
      "std": NaN,
      "cv": NaN,
      "range": 0.0,
      "iqr": 0.0,
      "skewness": NaN,
      "kurtosis": NaN,
      "p25": 0.0,
      "p50": 0.0,
      "p75": 0.0,
      "p95": 0.0,
      "min": 0.0,
      "max": 0.0
    }
  },
  "tinker_descriptive_stats": {
    "field_f1_overall": {
      "metric": "field_f1_overall",
      "count": 1,
      "mean": 0.7276603412020078,
      "median": 0.7276603412020078,
      "mode": 0.7276603412020078,
      "std": NaN,
      "cv": NaN,
      "range": 0.0,
      "iqr": 0.0,
      "skewness": NaN,
      "kurtosis": NaN,
      "p25": 0.7276603412020078,
      "p50": 0.7276603412020078,
      "p75": 0.7276603412020078,
      "p95": 0.7276603412020078,
      "min": 0.7276603412020078,
      "max": 0.7276603412020078
    },
    "jaccard_key_insights": {
      "metric": "jaccard_key_insights",
      "count": 1,
      "mean": 0.363150477994228,
      "median": 0.363150477994228,
      "mode": 0.363150477994228,
      "std": NaN,
      "cv": NaN,
      "range": 0.0,
      "iqr": 0.0,
      "skewness": NaN,
      "kurtosis": NaN,
      "p25": 0.363150477994228,
      "p50": 0.363150477994228,
      "p75": 0.363150477994228,
      "p95": 0.363150477994228,
      "min": 0.363150477994228,
      "max": 0.363150477994228
    },
    "jaccard_company_names": {
      "metric": "jaccard_company_names",
      "count": 1,
      "mean": 0.7498263888888888,
      "median": 0.7498263888888888,
      "mode": 0.7498263888888888,
      "std": NaN,
      "cv": NaN,
      "range": 0.0,
      "iqr": 0.0,
      "skewness": NaN,
      "kurtosis": NaN,
      "p25": 0.7498263888888888,
      "p50": 0.7498263888888888,
      "p75": 0.7498263888888888,
      "p95": 0.7498263888888888,
      "min": 0.7498263888888888,
      "max": 0.7498263888888888
    },
    "exact_match_rate": {
      "metric": "exact_match_rate",
      "count": 1,
      "mean": 0.07291666666666667,
      "median": 0.07291666666666667,
      "mode": 0.07291666666666667,
      "std": NaN,
      "cv": NaN,
      "range": 0.0,
      "iqr": 0.0,
      "skewness": NaN,
      "kurtosis": NaN,
      "p25": 0.07291666666666667,
      "p50": 0.07291666666666667,
      "p75": 0.07291666666666667,
      "p95": 0.07291666666666667,
      "min": 0.07291666666666667,
      "max": 0.07291666666666667
    },
    "mae_relevance": {
      "metric": "mae_relevance",
      "count": 1,