{
  "baseline": {
    "field_f1_key_insights": 0.13541666666666666,
    "field_f1_company_names": 0.65625,
    "field_f1_overall": 0.3958333333333333,
    "field_f1_precision_overall": 0.0,
    "field_f1_recall_overall": 0.0,
    "jaccard_key_insights": 0.13541666666666666,
    "jaccard_company_names": 0.65625,
    "jaccard_overall": 0.3958333333333333,
    "exact_match_rate": 0.0,
    "relevance_mae": 6.979166666666667,
    "relevance_adjusted_r2": -4.268357724747786,
    "semantic_similarity": 0.0,
    "avg_length": 16.15625,
    "std_length": 71.72115101282304,
    "min_length": 0.0,
    "max_length": 437.0,
    "rouge1": 0.052279896148182584,
    "rouge2": 0.011940298507462688,
    "rougeL": 0.052279896148182584,
    "rougeLsum": 0.052279896148182584,
    "bertscore_precision": 0.36999186873435974,
    "bertscore_recall": 0.41685813665390015,
    "bertscore_f1": 0.39071235060691833,
    "sponsored_ad_precision": 0.0,
    "sponsored_ad_recall": 0.0,
    "sponsored_ad_f1": 0.0,
    "sponsored_ad_accuracy": 0.9270833333333334,
    "sponsored_ad_true_positives": 0,
    "sponsored_ad_false_positives": 0,
    "sponsored_ad_true_negatives": 89,
    "sponsored_ad_false_negatives": 7,
    "json_validation_rate": 0.052083333333333336
  },
  "tinker": {
    "field_f1_key_insights": 0.4636357855107855,
    "field_f1_company_names": 0.7610119047619047,
    "field_f1_overall": 0.6123238451363451,
    "field_f1_precision_overall": 0.4877415458937197,
    "field_f1_recall_overall": 0.4612031285944329,
    "jaccard_key_insights": 0.363150477994228,
    "jaccard_company_names": 0.7498263888888888,
    "jaccard_overall": 0.5564884334415584,
    "exact_match_rate": 0.07291666666666667,
    "relevance_mae": 1.8020833333333333,
    "relevance_adjusted_r2": 0.18378812764235952,
    "semantic_similarity": 1.0,
    "avg_length": 36.6875,
    "std_length": 20.89223963780172,
    "min_length": 0.0,
    "max_length": 105.0,
    "rouge1": 0.5999757697028143,
    "rouge2": 0.3768451045656267,
    "rougeL": 0.5517861976301447,
    "rougeLsum": 0.5517861976301447,
    "bertscore_precision": 0.7518821358680725,
    "bertscore_recall": 0.7413732409477234,
    "bertscore_f1": 0.7444210052490234,
    "sponsored_ad_precision": 1.0,
    "sponsored_ad_recall": 0.5714285714285714,
    "sponsored_ad_f1": 0.7272727272727273,
    "sponsored_ad_accuracy": 0.96875,
    "sponsored_ad_true_positives": 4,
    "sponsored_ad_false_positives": 0,
    "sponsored_ad_true_negatives": 89,
    "sponsored_ad_false_negatives": 3,
    "json_validation_rate": 1.0
  },
  "unsloth": {
    "field_f1_key_insights": 0.43453057359307357,
    "field_f1_company_names": 0.7719246031746033,
    "field_f1_overall": 0.6032275883838384,
    "field_f1_precision_overall": 0.46732707681612795,
    "field_f1_recall_overall": 0.45085737458000236,
    "jaccard_key_insights": 0.33266594516594516,
    "jaccard_company_names": 0.7585069444444444,
    "jaccard_overall": 0.5455864448051948,
    "exact_match_rate": 0.03125,
    "relevance_mae": 1.4270833333333333,
    "relevance_adjusted_r2": 0.4353419505984849,
    "semantic_similarity": 1.0,
    "avg_length": 34.885416666666664,
    "std_length": 20.22419641567304,
    "min_length": 0.0,
    "max_length": 97.0,
    "rouge1": 0.5613057619960894,
    "rouge2": 0.3433404868076644,
    "rougeL": 0.5244158195798312,
    "rougeLsum": 0.5244158195798312,
    "bertscore_precision": 0.7451303005218506,
    "bertscore_recall": 0.7309061288833618,
    "bertscore_f1": 0.734578013420105,
    "sponsored_ad_precision": 1.0,
    "sponsored_ad_recall": 0.5714285714285714,
    "sponsored_ad_f1": 0.7272727272727273,
    "sponsored_ad_accuracy": 0.96875,
    "sponsored_ad_true_positives": 4,
    "sponsored_ad_false_positives": 0,
    "sponsored_ad_true_negatives": 89,
    "sponsored_ad_false_negatives": 3,
    "json_validation_rate": 1.0
  }
}